{
  "v": "5.9.0",
  "fr": 30,
  "ip": 0,
  "op": 60,
  "w": 500,
  "h": 300,
  "nm": "Jumping Jack Animation",
  "ddd": 0,
  "assets": [],
  "layers": [
    {
      "ddd": 0,
      "ind": 1,
      "ty": 4,
      "nm": "Floor",
      "sr": 1,
      "ks": {
        "o": { "a": 0, "k": 100 },
        "r": { "a": 0, "k": 0 },
        "p": { "a": 0, "k": [250, 280, 0] },
        "a": { "a": 0, "k": [0, 0, 0] },
        "s": { "a": 0, "k": [100, 100, 100] }
      },
      "ao": 0,
      "shapes": [
        {
          "ty": "rc",
          "d": 1,
          "s": { "a": 0, "k": [450, 10] },
          "p": { "a": 0, "k": [0, 0] },
          "r": { "a": 0, "k": 0 },
          "nm": "Rectangle",
          "mn": "ADBE Vector Shape - Rect",
          "hd": false
        },
        {
          "ty": "fl",
          "c": { "a": 0, "k": [0.3, 0.3, 0.3, 1] },
          "o": { "a": 0, "k": 100 },
          "r": 1,
          "nm": "Fill 1",
          "mn": "ADBE Vector Graphic - Fill",
          "hd": false
        }
      ],
      "ip": 0,
      "op": 60,
      "st": 0,
      "bm": 0
    },
    {
      "ddd": 0,
      "ind": 2,
      "ty": 4,
      "nm": "Torso",
      "sr": 1,
      "ks": {
        "o": { "a": 0, "k": 100 },
        "r": { "a": 0, "k": 0 },
        "p": { "a": 0, "k": [250, 170, 0] },
        "a": { "a": 0, "k": [0, 0, 0] },
        "s": { "a": 0, "k": [100, 100, 100] }
      },
      "ao": 0,
      "shapes": [
        {
          "ty": "rc",
          "d": 1,
          "s": { "a": 0, "k": [40, 80] },
          "p": { "a": 0, "k": [0, 0] },
          "r": { "a": 0, "k": 0 },
          "nm": "Rectangle",
          "mn": "ADBE Vector Shape - Rect",
          "hd": false
        },
        {
          "ty": "fl",
          "c": { "a": 0, "k": [0.2, 0.6, 0.8, 1] },
          "o": { "a": 0, "k": 100 },
          "r": 1,
          "nm": "Fill 1",
          "mn": "ADBE Vector Graphic - Fill",
          "hd": false
        }
      ],
      "ip": 0,
      "op": 60,
      "st": 0,
      "bm": 0
    },
    {
      "ddd": 0,
      "ind": 3,
      "ty": 4,
      "nm": "Head",
      "sr": 1,
      "ks": {
        "o": { "a": 0, "k": 100 },
        "r": { "a": 0, "k": 0 },
        "p": { "a": 0, "k": [250, 120, 0] },
        "a": { "a": 0, "k": [0, 0, 0] },
        "s": { "a": 0, "k": [100, 100, 100] }
      },
      "ao": 0,
      "shapes": [
        {
          "ty": "el",
          "p": { "a": 0, "k": [0, 0] },
          "s": { "a": 0, "k": [30, 30] },
          "d": 1,
          "nm": "Ellipse Path",
          "mn": "ADBE Vector Shape - Ellipse",
          "hd": false
        },
        {
          "ty": "fl",
          "c": { "a": 0, "k": [0.9, 0.7, 0.5, 1] },
          "o": { "a": 0, "k": 100 },
          "r": 1,
          "nm": "Fill 1",
          "mn": "ADBE Vector Graphic - Fill",
          "hd": false
        }
      ],
      "ip": 0,
      "op": 60,
      "st": 0,
      "bm": 0
    },
    {
      "ddd": 0,
      "ind": 4,
      "ty": 4,
      "nm": "Left Arm",
      "sr": 1,
      "ks": {
        "o": { "a": 0, "k": 100 },
        "r": {
          "a": 1,
          "k": [
            {
              "i": { "x": [0.5], "y": [1] },
              "o": { "x": [0.5], "y": [0] },
              "t": 0,
              "s": [30]
            },
            {
              "i": { "x": [0.5], "y": [1] },
              "o": { "x": [0.5], "y": [0] },
              "t": 15,
              "s": [180]
            },
            {
              "i": { "x": [0.5], "y": [1] },
              "o": { "x": [0.5], "y": [0] },
              "t": 30,
              "s": [30]
            },
            {
              "i": { "x": [0.5], "y": [1] },
              "o": { "x": [0.5], "y": [0] },
              "t": 45,
              "s": [180]
            },
            { "t": 60, "s": [30] }
          ]
        },
        "p": { "a": 0, "k": [230, 145, 0] },
        "a": { "a": 0, "k": [0, 0, 0] },
        "s": { "a": 0, "k": [100, 100, 100] }
      },
      "ao": 0,
      "shapes": [
        {
          "ty": "rc",
          "d": 1,
          "s": { "a": 0, "k": [10, 60] },
          "p": { "a": 0, "k": [0, 30] },
          "r": { "a": 0, "k": 0 },
          "nm": "Rectangle",
          "mn": "ADBE Vector Shape - Rect",
          "hd": false
        },
        {
          "ty": "fl",
          "c": { "a": 0, "k": [0.9, 0.7, 0.5, 1] },
          "o": { "a": 0, "k": 100 },
          "r": 1,
          "nm": "Fill 1",
          "mn": "ADBE Vector Graphic - Fill",
          "hd": false
        }
      ],
      "ip": 0,
      "op": 60,
      "st": 0,
      "bm": 0
    },
    {
      "ddd": 0,
      "ind": 5,
      "ty": 4,
      "nm": "Right Arm",
      "sr": 1,
      "ks": {
        "o": { "a": 0, "k": 100 },
        "r": {
          "a": 1,
          "k": [
            {
              "i": { "x": [0.5], "y": [1] },
              "o": { "x": [0.5], "y": [0] },
              "t": 0,
              "s": [-30]
            },
            {
              "i": { "x": [0.5], "y": [1] },
              "o": { "x": [0.5], "y": [0] },
              "t": 15,
              "s": [-180]
            },
            {
              "i": { "x": [0.5], "y": [1] },
              "o": { "x": [0.5], "y": [0] },
              "t": 30,
              "s": [-30]
            },
            {
              "i": { "x": [0.5], "y": [1] },
              "o": { "x": [0.5], "y": [0] },
              "t": 45,
              "s": [-180]
            },
            { "t": 60, "s": [-30] }
          ]
        },
        "p": { "a": 0, "k": [270, 145, 0] },
        "a": { "a": 0, "k": [0, 0, 0] },
        "s": { "a": 0, "k": [100, 100, 100] }
      },
      "ao": 0,
      "shapes": [
        {
          "ty": "rc",
          "d": 1,
          "s": { "a": 0, "k": [10, 60] },
          "p": { "a": 0, "k": [0, 30] },
          "r": { "a": 0, "k": 0 },
          "nm": "Rectangle",
          "mn": "ADBE Vector Shape - Rect",
          "hd": false
        },
        {
          "ty": "fl",
          "c": { "a": 0, "k": [0.9, 0.7, 0.5, 1] },
          "o": { "a": 0, "k": 100 },
          "r": 1,
          "nm": "Fill 1",
          "mn": "ADBE Vector Graphic - Fill",
          "hd": false
        }
      ],
      "ip": 0,
      "op": 60,
      "st": 0,
      "bm": 0
    },
    {
      "ddd": 0,
      "ind": 6,
      "ty": 4,
      "nm": "Left Leg",
      "sr": 1,
      "ks": {
        "o": { "a": 0, "k": 100 },
        "r": {
          "a": 1,
          "k": [
            {
              "i": { "x": [0.5], "y": [1] },
              "o": { "x": [0.5], "y": [0] },
              "t": 0,
              "s": [-10]
            },
            {
              "i": { "x": [0.5], "y": [1] },
              "o": { "x": [0.5], "y": [0] },
              "t": 15,
              "s": [-60]
            },
            {
              "i": { "x": [0.5], "y": [1] },
              "o": { "x": [0.5], "y": [0] },
              "t": 30,
              "s": [-10]
            },
            {
              "i": { "x": [0.5], "y": [1] },
              "o": { "x": [0.5], "y": [0] },
              "t": 45,
              "s": [-60]
            },
            { "t": 60, "s": [-10] }
          ]
        },
        "p": { "a": 0, "k": [230, 220, 0] },
        "a": { "a": 0, "k": [0, 0, 0] },
        "s": { "a": 0, "k": [100, 100, 100] }
      },
      "ao": 0,
      "shapes": [
        {
          "ty": "rc",
          "d": 1,
          "s": { "a": 0, "k": [15, 70] },
          "p": { "a": 0, "k": [0, 35] },
          "r": { "a": 0, "k": 0 },
          "nm": "Rectangle",
          "mn": "ADBE Vector Shape - Rect",
          "hd": false
        },
        {
          "ty": "fl",
          "c": { "a": 0, "k": [0.3, 0.3, 0.3, 1] },
          "o": { "a": 0, "k": 100 },
          "r": 1,
          "nm": "Fill 1",
          "mn": "ADBE Vector Graphic - Fill",
          "hd": false
        }
      ],
      "ip": 0,
      "op": 60,
      "st": 0,
      "bm": 0
    },
    {
      "ddd": 0,
      "ind": 7,
      "ty": 4,
      "nm": "Right Leg",
      "sr": 1,
      "ks": {
        "o": { "a": 0, "k": 100 },
        "r": {
          "a": 1,
          "k": [
            {
              "i": { "x": [0.5], "y": [1] },
              "o": { "x": [0.5], "y": [0] },
              "t": 0,
              "s": [10]
            },
            {
              "i": { "x": [0.5], "y": [1] },
              "o": { "x": [0.5], "y": [0] },
              "t": 15,
              "s": [60]
            },
            {
              "i": { "x": [0.5], "y": [1] },
              "o": { "x": [0.5], "y": [0] },
              "t": 30,
              "s": [10]
            },
            {
              "i": { "x": [0.5], "y": [1] },
              "o": { "x": [0.5], "y": [0] },
              "t": 45,
              "s": [60]
            },
            { "t": 60, "s": [10] }
          ]
        },
        "p": { "a": 0, "k": [270, 220, 0] },
        "a": { "a": 0, "k": [0, 0, 0] },
        "s": { "a": 0, "k": [100, 100, 100] }
      },
      "ao": 0,
      "shapes": [
        {
          "ty": "rc",
          "d": 1,
          "s": { "a": 0, "k": [15, 70] },
          "p": { "a": 0, "k": [0, 35] },
          "r": { "a": 0, "k": 0 },
          "nm": "Rectangle",
          "mn": "ADBE Vector Shape - Rect",
          "hd": false
        },
        {
          "ty": "fl",
          "c": { "a": 0, "k": [0.3, 0.3, 0.3, 1] },
          "o": { "a": 0, "k": 100 },
          "r": 1,
          "nm": "Fill 1",
          "mn": "ADBE Vector Graphic - Fill",
          "hd": false
        }
      ],
      "ip": 0,
      "op": 60,
      "st": 0,
      "bm": 0
    }
  ],
  "markers": []
}