{
  "v": "5.9.0",
  "fr": 30,
  "ip": 0,
  "op": 60,
  "w": 500,
  "h": 300,
  "nm": "Plank Animation",
  "ddd": 0,
  "assets": [],
  "layers": [
    {
      "ddd": 0,
      "ind": 1,
      "ty": 4,
      "nm": "Floor",
      "sr": 1,
      "ks": {
        "o": { "a": 0, "k": 100 },
        "r": { "a": 0, "k": 0 },
        "p": { "a": 0, "k": [250, 280, 0] },
        "a": { "a": 0, "k": [0, 0, 0] },
        "s": { "a": 0, "k": [100, 100, 100] }
      },
      "ao": 0,
      "shapes": [
        {
          "ty": "rc",
          "d": 1,
          "s": { "a": 0, "k": [450, 10] },
          "p": { "a": 0, "k": [0, 0] },
          "r": { "a": 0, "k": 0 },
          "nm": "Rectangle",
          "mn": "ADBE Vector Shape - Rect",
          "hd": false
        },
        {
          "ty": "fl",
          "c": { "a": 0, "k": [0.3, 0.3, 0.3, 1] },
          "o": { "a": 0, "k": 100 },
          "r": 1,
          "nm": "Fill 1",
          "mn": "ADBE Vector Graphic - Fill",
          "hd": false
        }
      ],
      "ip": 0,
      "op": 60,
      "st": 0,
      "bm": 0
    },
    {
      "ddd": 0,
      "ind": 2,
      "ty": 4,
      "nm": "Body",
      "sr": 1,
      "ks": {
        "o": { "a": 0, "k": 100 },
        "r": { "a": 0, "k": 0 },
        "p": {
          "a": 1,
          "k": [
            {
              "i": { "x": 0.5, "y": 1 },
              "o": { "x": 0.5, "y": 0 },
              "t": 0,
              "s": [250, 210, 0],
              "to": [0, -1, 0],
              "ti": [0, 0, 0]
            },
            {
              "i": { "x": 0.5, "y": 1 },
              "o": { "x": 0.5, "y": 0 },
              "t": 15,
              "s": [250, 204, 0],
              "to": [0, 0, 0],
              "ti": [0, -1, 0]
            },
            {
              "i": { "x": 0.5, "y": 1 },
              "o": { "x": 0.5, "y": 0 },
              "t": 30,
              "s": [250, 210, 0],
              "to": [0, 0, 0],
              "ti": [0, 0, 0]
            },
            {
              "i": { "x": 0.5, "y": 1 },
              "o": { "x": 0.5, "y": 0 },
              "t": 45,
              "s": [250, 204, 0],
              "to": [0, 0, 0],
              "ti": [0, -1, 0]
            },
            { "t": 60, "s": [250, 210, 0] }
          ]
        },
        "a": { "a": 0, "k": [0, 0, 0] },
        "s": { "a": 0, "k": [100, 100, 100] }
      },
      "ao": 0,
      "shapes": [
        {
          "ty": "rc",
          "d": 1,
          "s": { "a": 0, "k": [150, 25] },
          "p": { "a": 0, "k": [0, 0] },
          "r": { "a": 0, "k": 0 },
          "nm": "Rectangle",
          "mn": "ADBE Vector Shape - Rect",
          "hd": false
        },
        {
          "ty": "fl",
          "c": { "a": 0, "k": [0.4, 0.4, 0.7, 1] },
          "o": { "a": 0, "k": 100 },
          "r": 1,
          "nm": "Fill 1",
          "mn": "ADBE Vector Graphic - Fill",
          "hd": false
        }
      ],
      "ip": 0,
      "op": 60,
      "st": 0,
      "bm": 0
    },
    {
      "ddd": 0,
      "ind": 3,
      "ty": 4,
      "nm": "Head",
      "sr": 1,
      "ks": {
        "o": { "a": 0, "k": 100 },
        "r": { "a": 0, "k": 0 },
        "p": {
          "a": 1,
          "k": [
            {
              "i": { "x": 0.5, "y": 1 },
              "o": { "x": 0.5, "y": 0 },
              "t": 0,
              "s": [160, 195, 0],
              "to": [0, -1, 0],
              "ti": [0, 0, 0]
            },
            {
              "i": { "x": 0.5, "y": 1 },
              "o": { "x": 0.5, "y": 0 },
              "t": 15,
              "s": [160, 189, 0],
              "to": [0, 0, 0],
              "ti": [0, -1, 0]
            },
            {
              "i": { "x": 0.5, "y": 1 },
              "o": { "x": 0.5, "y": 0 },
              "t": 30,
              "s": [160, 195, 0],
              "to": [0, 0, 0],
              "ti": [0, 0, 0]
            },
            {
              "i": { "x": 0.5, "y": 1 },
              "o": { "x": 0.5, "y": 0 },
              "t": 45,
              "s": [160, 189, 0],
              "to": [0, 0, 0],
              "ti": [0, -1, 0]
            },
            { "t": 60, "s": [160, 195, 0] }
          ]
        },
        "a": { "a": 0, "k": [0, 0, 0] },
        "s": { "a": 0, "k": [100, 100, 100] }
      },
      "ao": 0,
      "shapes": [
        {
          "ty": "el",
          "p": { "a": 0, "k": [0, 0] },
          "s": { "a": 0, "k": [30, 30] },
          "d": 1,
          "nm": "Ellipse Path",
          "mn": "ADBE Vector Shape - Ellipse",
          "hd": false
        },
        {
          "ty": "fl",
          "c": { "a": 0, "k": [0.9, 0.7, 0.5, 1] },
          "o": { "a": 0, "k": 100 },
          "r": 1,
          "nm": "Fill 1",
          "mn": "ADBE Vector Graphic - Fill",
          "hd": false
        }
      ],
      "ip": 0,
      "op": 60,
      "st": 0,
      "bm": 0
    },
    {
      "ddd": 0,
      "ind": 4,
      "ty": 4,
      "nm": "Left Arm",
      "sr": 1,
      "ks": {
        "o": { "a": 0, "k": 100 },
        "r": { "a": 0, "k": -90 },
        "p": {
          "a": 1,
          "k": [
            {
              "i": { "x": 0.5, "y": 1 },
              "o": { "x": 0.5, "y": 0 },
              "t": 0,
              "s": [190, 240, 0],
              "to": [0, -1, 0],
              "ti": [0, 0, 0]
            },
            {
              "i": { "x": 0.5, "y": 1 },
              "o": { "x": 0.5, "y": 0 },
              "t": 15,
              "s": [190, 234, 0],
              "to": [0, 0, 0],
              "ti": [0, -1, 0]
            },
            {
              "i": { "x": 0.5, "y": 1 },
              "o": { "x": 0.5, "y": 0 },
              "t": 30,
              "s": [190, 240, 0],
              "to": [0, 0, 0],
              "ti": [0, 0, 0]
            },
            {
              "i": { "x": 0.5, "y": 1 },
              "o": { "x": 0.5, "y": 0 },
              "t": 45,
              "s": [190, 234, 0],
              "to": [0, 0, 0],
              "ti": [0, -1, 0]
            },
            { "t": 60, "s": [190, 240, 0] }
          ]
        },
        "a": { "a": 0, "k": [0, 0, 0] },
        "s": { "a": 0, "k": [100, 100, 100] }
      },
      "ao": 0,
      "shapes": [
        {
          "ty": "rc",
          "d": 1,
          "s": { "a": 0, "k": [10, 60] },
          "p": { "a": 0, "k": [0, 30] },
          "r": { "a": 0, "k": 0 },
          "nm": "Rectangle",
          "mn": "ADBE Vector Shape - Rect",
          "hd": false
        },
        {
          "ty": "fl",
          "c": { "a": 0, "k": [0.9, 0.7, 0.5, 1] },
          "o": { "a": 0, "k": 100 },
          "r": 1,
          "nm": "Fill 1",
          "mn": "ADBE Vector Graphic - Fill",
          "hd": false
        }
      ],
      "ip": 0,
      "op": 60,
      "st": 0,
      "bm": 0
    },
    {
      "ddd": 0,
      "ind": 5,
      "ty": 4,
      "nm": "Right Arm",
      "sr": 1,
      "ks": {
        "o": { "a": 0, "k": 100 },
        "r": { "a": 0, "k": -90 },
        "p": {
          "a": 1,
          "k": [
            {
              "i": { "x": 0.5, "y": 1 },
              "o": { "x": 0.5, "y": 0 },
              "t": 0,
              "s": [170, 240, 0],
              "to": [0, -1, 0],
              "ti": [0, 0, 0]
            },
            {
              "i": { "x": 0.5, "y": 1 },
              "o": { "x": 0.5, "y": 0 },
              "t": 15,
              "s": [170, 234, 0],
              "to": [0, 0, 0],
              "ti": [0, -1, 0]
            },
            {
              "i": { "x": 0.5, "y": 1 },
              "o": { "x": 0.5, "y": 0 },
              "t": 30,
              "s": [170, 240, 0],
              "to": [0, 0, 0],
              "ti": [0, 0, 0]
            },
            {
              "i": { "x": 0.5, "y": 1 },
              "o": { "x": 0.5, "y": 0 },
              "t": 45,
              "s": [170, 234, 0],
              "to": [0, 0, 0],
              "ti": [0, -1, 0]
            },
            { "t": 60, "s": [170, 240, 0] }
          ]
        },
        "a": { "a": 0, "k": [0, 0, 0] },
        "s": { "a": 0, "k": [100, 100, 100] }
      },
      "ao": 0,
      "shapes": [
        {
          "ty": "rc",
          "d": 1,
          "s": { "a": 0, "k": [10, 60] },
          "p": { "a": 0, "k": [0, 30] },
          "r": { "a": 0, "k": 0 },
          "nm": "Rectangle",
          "mn": "ADBE Vector Shape - Rect",
          "hd": false
        },
        {
          "ty": "fl",
          "c": { "a": 0, "k": [0.9, 0.7, 0.5, 1] },
          "o": { "a": 0, "k": 100 },
          "r": 1,
          "nm": "Fill 1",
          "mn": "ADBE Vector Graphic - Fill",
          "hd": false
        }
      ],
      "ip": 0,
      "op": 60,
      "st": 0,
      "bm": 0
    },
    {
      "ddd": 0,
      "ind": 6,
      "ty": 4,
      "nm": "Left Foot",
      "sr": 1,
      "ks": {
        "o": { "a": 0, "k": 100 },
        "r": { "a": 0, "k": 0 },
        "p": {
          "a": 1,
          "k": [
            {
              "i": { "x": 0.5, "y": 1 },
              "o": { "x": 0.5, "y": 0 },
              "t": 0,
              "s": [340, 270, 0],
              "to": [0, -1, 0],
              "ti": [0, 0, 0]
            },
            {
              "i": { "x": 0.5, "y": 1 },
              "o": { "x": 0.5, "y": 0 },
              "t": 15,
              "s": [340, 264, 0],
              "to": [0, 0, 0],
              "ti": [0, -1, 0]
            },
            {
              "i": { "x": 0.5, "y": 1 },
              "o": { "x": 0.5, "y": 0 },
              "t": 30,
              "s": [340, 270, 0],
              "to": [0, 0, 0],
              "ti": [0, 0, 0]
            },
            {
              "i": { "x": 0.5, "y": 1 },
              "o": { "x": 0.5, "y": 0 },
              "t": 45,
              "s": [340, 264, 0],
              "to": [0, 0, 0],
              "ti": [0, -1, 0]
            },
            { "t": 60, "s": [340, 270, 0] }
          ]
        },
        "a": { "a": 0, "k": [0, 0, 0] },
        "s": { "a": 0, "k": [100, 100, 100] }
      },
      "ao": 0,
      "shapes": [
        {
          "ty": "rc",
          "d": 1,
          "s": { "a": 0, "k": [15, 10] },
          "p": { "a": 0, "k": [0, 0] },
          "r": { "a": 0, "k": 0 },
          "nm": "Rectangle",
          "mn": "ADBE Vector Shape - Rect",
          "hd": false
        },
        {
          "ty": "fl",
          "c": { "a": 0, "k": [0.3, 0.3, 0.3, 1] },
          "o": { "a": 0, "k": 100 },
          "r": 1,
          "nm": "Fill 1",
          "mn": "ADBE Vector Graphic - Fill",
          "hd": false
        }
      ],
      "ip": 0,
      "op": 60,
      "st": 0,
      "bm": 0
    },
    {
      "ddd": 0,
      "ind": 7,
      "ty": 4,
      "nm": "Right Foot",
      "sr": 1,
      "ks": {
        "o": { "a": 0, "k": 100 },
        "r": { "a": 0, "k": 0 },
        "p": {
          "a": 1,
          "k": [
            {
              "i": { "x": 0.5, "y": 1 },
              "o": { "x": 0.5, "y": 0 },
              "t": 0,
              "s": [320, 270, 0],
              "to": [0, -1, 0],
              "ti": [0, 0, 0]
            },
            {
              "i": { "x": 0.5, "y": 1 },
              "o": { "x": 0.5, "y": 0 },
              "t": 15,
              "s": [320, 264, 0],
              "to": [0, 0, 0],
              "ti": [0, -1, 0]
            },
            {
              "i": { "x": 0.5, "y": 1 },
              "o": { "x": 0.5, "y": 0 },
              "t": 30,
              "s": [320, 270, 0],
              "to": [0, 0, 0],
              "ti": [0, 0, 0]
            },
            {
              "i": { "x": 0.5, "y": 1 },
              "o": { "x": 0.5, "y": 0 },
              "t": 45,
              "s": [320, 264, 0],
              "to": [0, 0, 0],
              "ti": [0, -1, 0]
            },
            { "t": 60, "s": [320, 270, 0] }
          ]
        },
        "a": { "a": 0, "k": [0, 0, 0] },
        "s": { "a": 0, "k": [100, 100, 100] }
      },
      "ao": 0,
      "shapes": [
        {
          "ty": "rc",
          "d": 1,
          "s": { "a": 0, "k": [15, 10] },
          "p": { "a": 0, "k": [0, 0] },
          "r": { "a": 0, "k": 0 },
          "nm": "Rectangle",
          "mn": "ADBE Vector Shape - Rect",
          "hd": false
        },
        {
          "ty": "fl",
          "c": { "a": 0, "k": [0.3, 0.3, 0.3, 1] },
          "o": { "a": 0, "k": 100 },
          "r": 1,
          "nm": "Fill 1",
          "mn": "ADBE Vector Graphic - Fill",
          "hd": false
        }
      ],
      "ip": 0,
      "op": 60,
      "st": 0,
      "bm": 0
    }
  ],
  "markers": []
}