{
  "v": "5.9.0",
  "fr": 30,
  "ip": 0,
  "op": 60,
  "w": 500,
  "h": 300,
  "nm": "Push-up Animation",
  "ddd": 0,
  "assets": [],
  "layers": [
    {
      "ddd": 0,
      "ind": 1,
      "ty": 4,
      "nm": "Floor",
      "sr": 1,
      "ks": {
        "o": { "a": 0, "k": 100 },
        "r": { "a": 0, "k": 0 },
        "p": { "a": 0, "k": [250, 250, 0] },
        "a": { "a": 0, "k": [0, 0, 0] },
        "s": { "a": 0, "k": [100, 100, 100] }
      },
      "ao": 0,
      "shapes": [
        {
          "ty": "rc",
          "d": 1,
          "s": { "a": 0, "k": [450, 10] },
          "p": { "a": 0, "k": [0, 0] },
          "r": { "a": 0, "k": 0 },
          "nm": "Rectangle",
          "mn": "ADBE Vector Shape - Rect",
          "hd": false
        },
        {
          "ty": "fl",
          "c": { "a": 0, "k": [0.3, 0.3, 0.3, 1] },
          "o": { "a": 0, "k": 100 },
          "r": 1,
          "nm": "Fill 1",
          "mn": "ADBE Vector Graphic - Fill",
          "hd": false
        }
      ],
      "ip": 0,
      "op": 60,
      "st": 0,
      "bm": 0
    },
    {
      "ddd": 0,
      "ind": 2,
      "ty": 4,
      "nm": "Body",
      "sr": 1,
      "ks": {
        "o": { "a": 0, "k": 100 },
        "r": { "a": 0, "k": 0 },
        "p": { "a": 0, "k": [250, 220, 0] },
        "a": { "a": 0, "k": [0, 0, 0] },
        "s": { "a": 0, "k": [100, 100, 100] }
      },
      "ao": 0,
      "shapes": [
        {
          "ty": "rc",
          "d": 1,
          "s": { "a": 0, "k": [200, 30] },
          "p": { "a": 0, "k": [0, 0] },
          "r": { "a": 0, "k": 0 },
          "nm": "Rectangle",
          "mn": "ADBE Vector Shape - Rect",
          "hd": false
        },
        {
          "ty": "fl",
          "c": { "a": 0, "k": [0.2, 0.4, 0.8, 1] },
          "o": { "a": 0, "k": 100 },
          "r": 1,
          "nm": "Fill 1",
          "mn": "ADBE Vector Graphic - Fill",
          "hd": false
        }
      ],
      "ip": 0,
      "op": 60,
      "st": 0,
      "bm": 0
    },
    {
      "ddd": 0,
      "ind": 3,
      "ty": 4,
      "nm": "Head",
      "sr": 1,
      "ks": {
        "o": { "a": 0, "k": 100 },
        "r": { "a": 0, "k": 0 },
        "p": {
          "a": 1,
          "k": [
            {
              "i": { "x": 0.5, "y": 1 },
              "o": { "x": 0.5, "y": 0 },
              "t": 0,
              "s": [150, 180, 0],
              "to": [0, 10, 0],
              "ti": [0, 0, 0]
            },
            {
              "i": { "x": 0.5, "y": 1 },
              "o": { "x": 0.5, "y": 0 },
              "t": 30,
              "s": [150, 220, 0],
              "to": [0, 0, 0],
              "ti": [0, 10, 0]
            },
            { "t": 60, "s": [150, 180, 0] }
          ]
        },
        "a": { "a": 0, "k": [0, 0, 0] },
        "s": { "a": 0, "k": [100, 100, 100] }
      },
      "ao": 0,
      "shapes": [
        {
          "ty": "el",
          "p": { "a": 0, "k": [0, 0] },
          "s": { "a": 0, "k": [30, 30] },
          "d": 1,
          "nm": "Ellipse Path",
          "mn": "ADBE Vector Shape - Ellipse",
          "hd": false
        },
        {
          "ty": "fl",
          "c": { "a": 0, "k": [0.9, 0.7, 0.5, 1] },
          "o": { "a": 0, "k": 100 },
          "r": 1,
          "nm": "Fill 1",
          "mn": "ADBE Vector Graphic - Fill",
          "hd": false
        }
      ],
      "ip": 0,
      "op": 60,
      "st": 0,
      "bm": 0
    },
    {
      "ddd": 0,
      "ind": 4,
      "ty": 4,
      "nm": "Left Arm",
      "sr": 1,
      "ks": {
        "o": { "a": 0, "k": 100 },
        "r": {
          "a": 1,
          "k": [
            {
              "i": { "x": [0.5], "y": [1] },
              "o": { "x": [0.5], "y": [0] },
              "t": 0,
              "s": [0]
            },
            {
              "i": { "x": [0.5], "y": [1] },
              "o": { "x": [0.5], "y": [0] },
              "t": 30,
              "s": [70]
            },
            { "t": 60, "s": [0] }
          ]
        },
        "p": { "a": 0, "k": [350, 220, 0] },
        "a": { "a": 0, "k": [0, 0, 0] },
        "s": { "a": 0, "k": [100, 100, 100] }
      },
      "ao": 0,
      "shapes": [
        {
          "ty": "rc",
          "d": 1,
          "s": { "a": 0, "k": [20, 70] },
          "p": { "a": 0, "k": [0, -35] },
          "r": { "a": 0, "k": 0 },
          "nm": "Rectangle",
          "mn": "ADBE Vector Shape - Rect",
          "hd": false
        },
        {
          "ty": "fl",
          "c": { "a": 0, "k": [0.9, 0.7, 0.5, 1] },
          "o": { "a": 0, "k": 100 },
          "r": 1,
          "nm": "Fill 1",
          "mn": "ADBE Vector Graphic - Fill",
          "hd": false
        }
      ],
      "ip": 0,
      "op": 60,
      "st": 0,
      "bm": 0
    },
    {
      "ddd": 0,
      "ind": 5,
      "ty": 4,
      "nm": "Right Arm",
      "sr": 1,
      "ks": {
        "o": { "a": 0, "k": 100 },
        "r": {
          "a": 1,
          "k": [
            {
              "i": { "x": [0.5], "y": [1] },
              "o": { "x": [0.5], "y": [0] },
              "t": 0,
              "s": [0]
            },
            {
              "i": { "x": [0.5], "y": [1] },
              "o": { "x": [0.5], "y": [0] },
              "t": 30,
              "s": [70]
            },
            { "t": 60, "s": [0] }
          ]
        },
        "p": { "a": 0, "k": [150, 220, 0] },
        "a": { "a": 0, "k": [0, 0, 0] },
        "s": { "a": 0, "k": [100, 100, 100] }
      },
      "ao": 0,
      "shapes": [
        {
          "ty": "rc",
          "d": 1,
          "s": { "a": 0, "k": [20, 70] },
          "p": { "a": 0, "k": [0, -35] },
          "r": { "a": 0, "k": 0 },
          "nm": "Rectangle",
          "mn": "ADBE Vector Shape - Rect",
          "hd": false
        },
        {
          "ty": "fl",
          "c": { "a": 0, "k": [0.9, 0.7, 0.5, 1] },
          "o": { "a": 0, "k": 100 },
          "r": 1,
          "nm": "Fill 1",
          "mn": "ADBE Vector Graphic - Fill",
          "hd": false
        }
      ],
      "ip": 0,
      "op": 60,
      "st": 0,
      "bm": 0
    },
    {
      "ddd": 0,
      "ind": 6,
      "ty": 4,
      "nm": "Legs",
      "sr": 1,
      "ks": {
        "o": { "a": 0, "k": 100 },
        "r": { "a": 0, "k": 0 },
        "p": { "a": 0, "k": [350, 220, 0] },
        "a": { "a": 0, "k": [0, 0, 0] },
        "s": { "a": 0, "k": [100, 100, 100] }
      },
      "ao": 0,
      "shapes": [
        {
          "ty": "rc",
          "d": 1,
          "s": { "a": 0, "k": [150, 20] },
          "p": { "a": 0, "k": [25, 0] },
          "r": { "a": 0, "k": 0 },
          "nm": "Rectangle",
          "mn": "ADBE Vector Shape - Rect",
          "hd": false
        },
        {
          "ty": "fl",
          "c": { "a": 0, "k": [0.4, 0.4, 0.4, 1] },
          "o": { "a": 0, "k": 100 },
          "r": 1,
          "nm": "Fill 1",
          "mn": "ADBE Vector Graphic - Fill",
          "hd": false
        }
      ],
      "ip": 0,
      "op": 60,
      "st": 0,
      "bm": 0
    }
  ],
  "markers": []
}