{
  "v": "5.9.0",
  "fr": 30,
  "ip": 0,
  "op": 60,
  "w": 500,
  "h": 300,
  "nm": "Tree Pose Animation",
  "ddd": 0,
  "assets": [],
  "layers": [
    {
      "ddd": 0,
      "ind": 1,
      "ty": 4,
      "nm": "Floor",
      "sr": 1,
      "ks": {
        "o": { "a": 0, "k": 100 },
        "r": { "a": 0, "k": 0 },
        "p": { "a": 0, "k": [250, 280, 0] },
        "a": { "a": 0, "k": [0, 0, 0] },
        "s": { "a": 0, "k": [100, 100, 100] }
      },
      "ao": 0,
      "shapes": [
        {
          "ty": "rc",
          "d": 1,
          "s": { "a": 0, "k": [450, 10] },
          "p": { "a": 0, "k": [0, 0] },
          "r": { "a": 0, "k": 0 },
          "nm": "Rectangle",
          "mn": "ADBE Vector Shape - Rect",
          "hd": false
        },
        {
          "ty": "fl",
          "c": { "a": 0, "k": [0.3, 0.3, 0.3, 1] },
          "o": { "a": 0, "k": 100 },
          "r": 1,
          "nm": "Fill 1",
          "mn": "ADBE Vector Graphic - Fill",
          "hd": false
        }
      ],
      "ip": 0,
      "op": 60,
      "st": 0,
      "bm": 0
    },
    {
      "ddd": 0,
      "ind": 2,
      "ty": 4,
      "nm": "Body",
      "sr": 1,
      "ks": {
        "o": { "a": 0, "k": 100 },
        "r": { "a": 0, "k": 0 },
        "p": { "a": 0, "k": [250, 190, 0] },
        "a": { "a": 0, "k": [0, 0, 0] },
        "s": { "a": 0, "k": [100, 100, 100] }
      },
      "ao": 0,
      "shapes": [
        {
          "ty": "rc",
          "d": 1,
          "s": { "a": 0, "k": [30, 100] },
          "p": { "a": 0, "k": [0, 0] },
          "r": { "a": 0, "k": 0 },
          "nm": "Rectangle",
          "mn": "ADBE Vector Shape - Rect",
          "hd": false
        },
        {
          "ty": "fl",
          "c": { "a": 0, "k": [0.2, 0.5, 0.3, 1] },
          "o": { "a": 0, "k": 100 },
          "r": 1,
          "nm": "Fill 1",
          "mn": "ADBE Vector Graphic - Fill",
          "hd": false
        }
      ],
      "ip": 0,
      "op": 60,
      "st": 0,
      "bm": 0
    },
    {
      "ddd": 0,
      "ind": 3,
      "ty": 4,
      "nm": "Head",
      "sr": 1,
      "ks": {
        "o": { "a": 0, "k": 100 },
        "r": { "a": 0, "k": 0 },
        "p": {
          "a": 1,
          "k": [
            {
              "i": { "x": 0.5, "y": 1 },
              "o": { "x": 0.5, "y": 0 },
              "t": 0,
              "s": [250, 120, 0],
              "to": [0, -2, 0],
              "ti": [0, 0, 0]
            },
            {
              "i": { "x": 0.5, "y": 1 },
              "o": { "x": 0.5, "y": 0 },
              "t": 30,
              "s": [250, 108, 0],
              "to": [0, 0, 0],
              "ti": [0, -2, 0]
            },
            { "t": 60, "s": [250, 120, 0] }
          ]
        },
        "a": { "a": 0, "k": [0, 0, 0] },
        "s": { "a": 0, "k": [100, 100, 100] }
      },
      "ao": 0,
      "shapes": [
        {
          "ty": "el",
          "p": { "a": 0, "k": [0, 0] },
          "s": { "a": 0, "k": [30, 30] },
          "d": 1,
          "nm": "Ellipse Path",
          "mn": "ADBE Vector Shape - Ellipse",
          "hd": false
        },
        {
          "ty": "fl",
          "c": { "a": 0, "k": [0.9, 0.7, 0.5, 1] },
          "o": { "a": 0, "k": 100 },
          "r": 1,
          "nm": "Fill 1",
          "mn": "ADBE Vector Graphic - Fill",
          "hd": false
        }
      ],
      "ip": 0,
      "op": 60,
      "st": 0,
      "bm": 0
    },
    {
      "ddd": 0,
      "ind": 4,
      "ty": 4,
      "nm": "Left Arm",
      "sr": 1,
      "ks": {
        "o": { "a": 0, "k": 100 },
        "r": {
          "a": 1,
          "k": [
            {
              "i": { "x": [0.5], "y": [1] },
              "o": { "x": [0.5], "y": [0] },
              "t": 0,
              "s": [30]
            },
            {
              "i": { "x": [0.5], "y": [1] },
              "o": { "x": [0.5], "y": [0] },
              "t": 30,
              "s": [45]
            },
            { "t": 60, "s": [30] }
          ]
        },
        "p": { "a": 0, "k": [235, 140, 0] },
        "a": { "a": 0, "k": [0, 0, 0] },
        "s": { "a": 0, "k": [100, 100, 100] }
      },
      "ao": 0,
      "shapes": [
        {
          "ty": "rc",
          "d": 1,
          "s": { "a": 0, "k": [10, 70] },
          "p": { "a": 0, "k": [0, 35] },
          "r": { "a": 0, "k": 0 },
          "nm": "Rectangle",
          "mn": "ADBE Vector Shape - Rect",
          "hd": false
        },
        {
          "ty": "fl",
          "c": { "a": 0, "k": [0.9, 0.7, 0.5, 1] },
          "o": { "a": 0, "k": 100 },
          "r": 1,
          "nm": "Fill 1",
          "mn": "ADBE Vector Graphic - Fill",
          "hd": false
        }
      ],
      "ip": 0,
      "op": 60,
      "st": 0,
      "bm": 0
    },
    {
      "ddd": 0,
      "ind": 5,
      "ty": 4,
      "nm": "Right Arm",
      "sr": 1,
      "ks": {
        "o": { "a": 0, "k": 100 },
        "r": {
          "a": 1,
          "k": [
            {
              "i": { "x": [0.5], "y": [1] },
              "o": { "x": [0.5], "y": [0] },
              "t": 0,
              "s": [-30]
            },
            {
              "i": { "x": [0.5], "y": [1] },
              "o": { "x": [0.5], "y": [0] },
              "t": 30,
              "s": [-45]
            },
            { "t": 60, "s": [-30] }
          ]
        },
        "p": { "a": 0, "k": [265, 140, 0] },
        "a": { "a": 0, "k": [0, 0, 0] },
        "s": { "a": 0, "k": [100, 100, 100] }
      },
      "ao": 0,
      "shapes": [
        {
          "ty": "rc",
          "d": 1,
          "s": { "a": 0, "k": [10, 70] },
          "p": { "a": 0, "k": [0, 35] },
          "r": { "a": 0, "k": 0 },
          "nm": "Rectangle",
          "mn": "ADBE Vector Shape - Rect",
          "hd": false
        },
        {
          "ty": "fl",
          "c": { "a": 0, "k": [0.9, 0.7, 0.5, 1] },
          "o": { "a": 0, "k": 100 },
          "r": 1,
          "nm": "Fill 1",
          "mn": "ADBE Vector Graphic - Fill",
          "hd": false
        }
      ],
      "ip": 0,
      "op": 60,
      "st": 0,
      "bm": 0
    },
    {
      "ddd": 0,
      "ind": 6,
      "ty": 4,
      "nm": "Supporting Leg",
      "sr": 1,
      "ks": {
        "o": { "a": 0, "k": 100 },
        "r": { "a": 0, "k": 0 },
        "p": { "a": 0, "k": [250, 225, 0] },
        "a": { "a": 0, "k": [0, 0, 0] },
        "s": { "a": 0, "k": [100, 100, 100] }
      },
      "ao": 0,
      "shapes": [
        {
          "ty": "rc",
          "d": 1,
          "s": { "a": 0, "k": [15, 60] },
          "p": { "a": 0, "k": [0, 25] },
          "r": { "a": 0, "k": 0 },
          "nm": "Rectangle",
          "mn": "ADBE Vector Shape - Rect",
          "hd": false
        },
        {
          "ty": "fl",
          "c": { "a": 0, "k": [0.3, 0.3, 0.3, 1] },
          "o": { "a": 0, "k": 100 },
          "r": 1,
          "nm": "Fill 1",
          "mn": "ADBE Vector Graphic - Fill",
          "hd": false
        }
      ],
      "ip": 0,
      "op": 60,
      "st": 0,
      "bm": 0
    },
    {
      "ddd": 0,
      "ind": 7,
      "ty": 4,
      "nm": "Bent Leg",
      "sr": 1,
      "ks": {
        "o": { "a": 0, "k": 100 },
        "r": {
          "a": 1,
          "k": [
            {
              "i": { "x": [0.5], "y": [1] },
              "o": { "x": [0.5], "y": [0] },
              "t": 0,
              "s": [90]
            },
            {
              "i": { "x": [0.5], "y": [1] },
              "o": { "x": [0.5], "y": [0] },
              "t": 30,
              "s": [100]
            },
            { "t": 60, "s": [90] }
          ]
        },
        "p": { "a": 0, "k": [250, 190, 0] },
        "a": { "a": 0, "k": [0, 0, 0] },
        "s": { "a": 0, "k": [100, 100, 100] }
      },
      "ao": 0,
      "shapes": [
        {
          "ty": "rc",
          "d": 1,
          "s": { "a": 0, "k": [15, 40] },
          "p": { "a": 0, "k": [20, 0] },
          "r": { "a": 0, "k": 0 },
          "nm": "Rectangle",
          "mn": "ADBE Vector Shape - Rect",
          "hd": false
        },
        {
          "ty": "fl",
          "c": { "a": 0, "k": [0.3, 0.3, 0.3, 1] },
          "o": { "a": 0, "k": 100 },
          "r": 1,
          "nm": "Fill 1",
          "mn": "ADBE Vector Graphic - Fill",
          "hd": false
        }
      ],
      "ip": 0,
      "op": 60,
      "st": 0,
      "bm": 0
    },
    {
      "ddd": 0,
      "ind": 8,
      "ty": 4,
      "nm": "Foot",
      "sr": 1,
      "ks": {
        "o": { "a": 0, "k": 100 },
        "r": { "a": 0, "k": 0 },
        "p": { "a": 0, "k": [250, 275, 0] },
        "a": { "a": 0, "k": [0, 0, 0] },
        "s": { "a": 0, "k": [100, 100, 100] }
      },
      "ao": 0,
      "shapes": [
        {
          "ty": "rc",
          "d": 1,
          "s": { "a": 0, "k": [30, 10] },
          "p": { "a": 0, "k": [0, 0] },
          "r": { "a": 0, "k": 0 },
          "nm": "Rectangle",
          "mn": "ADBE Vector Shape - Rect",
          "hd": false
        },
        {
          "ty": "fl",
          "c": { "a": 0, "k": [0.3, 0.3, 0.3, 1] },
          "o": { "a": 0, "k": 100 },
          "r": 1,
          "nm": "Fill 1",
          "mn": "ADBE Vector Graphic - Fill",
          "hd": false
        }
      ],
      "ip": 0,
      "op": 60,
      "st": 0,
      "bm": 0
    }
  ],
  "markers": []
}